fold,train_mse,train_r2,train_mae,test_mse,test_r2,test_mae
2,0.019954281126952272,0.985292544740981,0.09504600312554173,0.12924592636338325,0.9104983586549091,0.17364456112714594
3,0.02407933171870771,0.9828377880466581,0.10041917657625521,0.2882365319463458,0.8395511565291911,0.20929297792357865
4,0.04195141600005409,0.9726983734676946,0.11660562887400507,0.18815962686044357,0.9001079902572564,0.21314922078903653
5,0.050973780980579565,0.9686665958755006,0.12370628362135122,0.11967249122176085,0.9260805783923554,0.18822068685775042
6,0.05145104683412862,0.968342679155573,0.1274174681085756,0.3953562054592201,0.705418087215718,0.24380221810994013
