fold,train_mse,train_r2,train_mae,test_mse,test_r2,test_mae
1,0.01544780045227936,0.9886103979241938,0.0903021553477334,0.18532285047986835,0.8717129550856981,0.1918256259219284
2,0.021282935880649834,0.984830783956186,0.09825021384866299,0.29116909939494806,0.8379187477592818,0.21213464554100434
3,0.03678318058832543,0.9760621795098062,0.11221948742280587,0.20103907410932373,0.8932480698826872,0.21107254785443383
4,0.04887413473611419,0.9699556181971475,0.12488080618618178,0.11785365849316061,0.9272205166759705,0.18960602784979666
5,0.04766237874987282,0.9706738499144906,0.1250749254152451,0.3784374261338955,0.7180205425078549,0.2535704962307645
